rank,arrondissement,population,revenu_median,trends_score,nb_salons,avg_rating,total_ratings,salons_per_1000,demand_score,supply_score,gap_score,accessibility_score,estimated_cost,cost_score,final_score,final_score_normalized
1,17,168590,65000,95,150,4.12,19010,0.8897,10410432500.0,618.0,16818146.2036,1.0,2800,0.2632,11772702.5688,100.0
2,20,197336,47000,85,150,4.168666666666667,21234,0.7601,7883573200.0,625.3,12587535.0471,1.0,2200,0.4211,8811274.7751,73.9734
3,19,184680,45000,82,140,4.1292857142857144,19188,0.7581,6814692000.0,578.1,11767729.235,1.0,2000,0.4737,8237410.7119,68.93
4,18,196589,48000,88,180,4.191111111111111,24854,0.9156,8303919360.0,754.4,10992744.718,1.0,2500,0.3421,7694921.5368,64.1623
5,16,160793,62000,98,220,4.158181818181818,30201,1.3682,9769782680.0,914.8,10668030.8801,1.0,3500,0.0789,7467621.824,62.1647
6,15,228351,50000,85,240,4.157916666666667,30255,1.051,9704917500.0,997.9,9715604.6651,1.0,2700,0.2895,6800923.4945,56.3054
7,14,139747,44000,73,150,4.129333333333333,20040,1.0734,4488673640.0,619.4,7235128.3688,1.0,2000,0.4737,5064590.1055,41.0456
8,13,179878,42000,70,200,4.1705000000000005,27940,1.1119,5288413200.0,834.1,6332670.5784,1.0,2100,0.4474,4432869.6496,35.4937
9,12,139132,45000,68,170,4.155294117647059,22386,1.2219,4257439200.0,706.4,6018432.57,1.0,2300,0.3947,4212903.0385,33.5606
10,10,89574,47000,72,140,4.142142857142857,18792,1.563,3031184160.0,579.9,5218082.5615,1.0,2400,0.3684,3652658.0299,28.6368
11,9,59737,58000,80,160,4.1293750000000005,22248,2.6784,2771796800.0,660.7,4188902.5238,1.0,2600,0.3158,2932231.9982,22.3054
12,11,148650,43000,65,280,4.0928571428571425,34362,1.8836,4154767500.0,1146.0,3622290.7585,1.0,2200,0.4211,2535603.7731,18.8196
13,5,59838,42000,88,150,4.154666666666667,18661,2.5068,2211612480.0,623.2,3543115.1554,1.0,2500,0.3421,2480180.843,18.3325
14,7,55914,55000,82,180,4.114444444444445,21219,3.2192,2521721400.0,740.6,3400379.4498,1.0,3500,0.0789,2380265.8228,17.4544
15,6,41374,50000,95,240,4.14125,31912,5.8007,1965265000.0,993.9,1975339.2301,1.0,3200,0.1579,1382737.6768,8.6876
16,3,35017,48000,78,180,4.155555555555556,23046,5.1404,1311036480.0,748.0,1750382.4833,1.0,2700,0.2895,1225267.9673,7.3037
17,4,27410,60000,92,220,4.157727272727273,29580,8.0263,1513032000.0,914.7,1652322.8131,1.0,2900,0.2368,1156626.1929,6.7004
18,8,37751,46000,75,260,4.173461538461538,37590,6.8872,1302409500.0,1085.1,1199161.6794,1.0,3800,0.0,839413.3756,3.9126
19,2,20992,52000,90,200,4.1339999999999995,25834,9.5274,982425600.0,826.8,1186791.0123,1.0,2800,0.2632,830753.9349,3.8365
20,1,15361,45000,85,250,4.1692,33149,16.275,587558250.0,1042.3,563172.8649,1.0,3000,0.2105,394221.2265,0.0
